{
    "freq_type": 0,
    "is_real_data": true,
    "experiments": [
        {
            "context_length": 256,
            "horizon": 1,
            "metrics": {
                "TimesFM ZeroShot": {
                    "RMSE": 2.1631048563794004,
                    "Inference_Time": 10.323618173599243
                },
                "TimesFM Finetuned": {
                    "RMSE": 1.3923717284135275,
                    "Training_Time": 1922.2368535995483,
                    "Inference_Time": 10.733577966690063
                },
                "ARIMA": {
                    "RMSE": 0.8795988621429266,
                    "Inference_Time": 44.898860931396484
                },
                "Persistence": {
                    "RMSE": 0.8452616930007935,
                    "Inference_Time": 0.03612184524536133
                },
                "LSTM Multi Output": {
                    "RMSE": 3.909491539001465,
                    "Training_Time": 337.3254418373108,
                    "Inference_Time": 0.018456697463989258
                },
                "LSTM Multi Model": {
                    "RMSE": 3.2439727783203125,
                    "Training_Time": 299.1296031475067,
                    "Inference_Time": 0.03499650955200195
                },
                "LSTM AR": {
                    "RMSE": 3.9435982704162598,
                    "Training_Time": 321.20938420295715,
                    "Inference_Time": 0.07309269905090332
                }
            }
        },
        {
            "context_length": 256,
            "horizon": 4,
            "metrics": {
                "TimesFM ZeroShot": {
                    "RMSE": 2.859399579562683,
                    "Inference_Time": 10.241743564605713
                },
                "TimesFM Finetuned": {
                    "RMSE": 1.8639845905043526,
                    "Training_Time": 1732.5287301540375,
                    "Inference_Time": 10.321606397628784
                },
                "ARIMA": {
                    "RMSE": 1.6886581181338516,
                    "Inference_Time": 45.560595989227295
                },
                "Persistence": {
                    "RMSE": 1.6538103818893433,
                    "Inference_Time": 0.013634204864501953
                },
                "LSTM Multi Output": {
                    "RMSE": 4.969172477722168,
                    "Training_Time": 323.34587049484253,
                    "Inference_Time": 0.4534270763397217
                },
                "LSTM Multi Model": {
                    "RMSE": 3.1873300075531006,
                    "Training_Time": 1646.6878082752228,
                    "Inference_Time": 0.953718900680542
                },
                "LSTM AR": {
                    "RMSE": 6.354928016662598,
                    "Training_Time": 234.01011681556702,
                    "Inference_Time": 0.2214946746826172
                }
            }
        },
        {
            "context_length": 256,
            "horizon": 8,
            "metrics": {
                "TimesFM ZeroShot": {
                    "RMSE": 3.181575856783784,
                    "Inference_Time": 21.664197206497192
                },
                "TimesFM Finetuned": {
                    "RMSE": 2.5404679285832747,
                    "Training_Time": 1730.3003432750702,
                    "Inference_Time": 10.489434003829956
                },
                "ARIMA": {
                    "RMSE": 2.4230959435946398,
                    "Inference_Time": 36.69799590110779
                },
                "Persistence": {
                    "RMSE": 2.4030086994171143,
                    "Inference_Time": 0.01303410530090332
                },
                "LSTM Multi Output": {
                    "RMSE": 6.928241729736328,
                    "Training_Time": 133.205228805542,
                    "Inference_Time": 0.05174446105957031
                },
                "LSTM Multi Model": {
                    "RMSE": 4.965447425842285,
                    "Training_Time": 2136.630598306656,
                    "Inference_Time": 0.32232069969177246
                },
                "LSTM AR": {
                    "RMSE": 10.424405097961426,
                    "Training_Time": 98.2291111946106,
                    "Inference_Time": 0.07230591773986816
                }
            }
        },
        {
            "context_length": 256,
            "horizon": 16,
            "metrics": {
                "TimesFM ZeroShot": {
                    "RMSE": 4.074601244694401,
                    "Inference_Time": 8.01791787147522
                },
                "TimesFM Finetuned": {
                    "RMSE": 3.819451700741171,
                    "Training_Time": 1779.348102092743,
                    "Inference_Time": 9.029223203659058
                },
                "ARIMA": {
                    "RMSE": 3.6164860695962027,
                    "Inference_Time": 34.95971632003784
                },
                "Persistence": {
                    "RMSE": 3.6012728214263916,
                    "Inference_Time": 0.020759105682373047
                },
                "LSTM Multi Output": {
                    "RMSE": 7.688176155090332,
                    "Training_Time": 181.7871880531311,
                    "Inference_Time": 0.03146815299987793
                },
                "LSTM Multi Model": {
                    "RMSE": 8.74625301361084,
                    "Training_Time": 3730.18865609169,
                    "Inference_Time": 0.7395601272583008
                },
                "LSTM AR": {
                    "RMSE": 11.012665748596191,
                    "Training_Time": 284.41968631744385,
                    "Inference_Time": 0.084320068359375
                }
            }
        },
        {
            "context_length": 256,
            "horizon": 24,
            "metrics": {
                "TimesFM ZeroShot": {
                    "RMSE": 5.195055754735312,
                    "Inference_Time": 8.188091278076172
                },
                "TimesFM Finetuned": {
                    "RMSE": 5.44752857535069,
                    "Training_Time": 1728.652669429779,
                    "Inference_Time": 13.945982933044434
                },
                "ARIMA": {
                    "RMSE": 4.919667464199524,
                    "Inference_Time": 40.87850999832153
                },
                "Persistence": {
                    "RMSE": 4.913903713226318,
                    "Inference_Time": 0.015306472778320312
                },
                "LSTM Multi Output": {
                    "RMSE": 13.249557495117188,
                    "Training_Time": 62.10924696922302,
                    "Inference_Time": 0.07661128044128418
                },
                "LSTM Multi Model": {
                    "RMSE": 14.005972862243652,
                    "Training_Time": 4482.275063991547,
                    "Inference_Time": 1.136488914489746
                },
                "LSTM AR": {
                    "RMSE": 18.11435317993164,
                    "Training_Time": 89.54450416564941,
                    "Inference_Time": 0.13213300704956055
                }
            }
        },
        {
            "context_length": 256,
            "horizon": 32,
            "metrics": {
                "TimesFM ZeroShot": {
                    "RMSE": 6.342604897094097,
                    "Inference_Time": 8.786643743515015
                },
                "TimesFM Finetuned": {
                    "RMSE": 49.40336249200773,
                    "Training_Time": 1794.370329618454,